1,год
2,человек
3,время
4,дело
5,жизнь
6,день
7,рука
8,работа
9,слово
10,место
11,вопрос
12,лицо
13,глаз
14,страна
15,друг
16,сторона
17,дом
18,случай
19,ребенок
20,голова
21,система
22,вид
23,конец
24,отношение
25,город
26,часть
27,женщина
28,проблема
29,земля
30,решение
31,власть
32,машина
33,закон
34,час
35,образ
36,отец
37,история
38,нога
39,вода
40,война
41,возможность
42,компания
43,результат
44,дверь
45,бог
46,народ
47,область
48,число
49,голос
50,развитие
51,группа
52,жена
53,процесс
54,условие
55,книга
56,ночь
57,суд
58,деньга
59,уровень
60,начало
61,государство
62,стол
63,средство
64,связь
65,имя
66,президент
67,форма
68,путь
69,организация
70,качество
71,действие
72,статья
73,общество
74,ситуация
75,деятельность
76,школа
77,душа
78,дорога
79,язык
80,взгляд
81,момент
82,минута
83,месяц
84,порядок
85,цель
86,программа
87,муж
88,помощь
89,мысль
90,вечер
91,орган
92,правительство
93,рынок
94,предприятие
95,партия
96,роль
97,смысл
98,мама
99,мера
100,улица
101,состояние
102,задача
103,информация
104,театр
105,внимание
106,производство
107,квартира
108,труд
109,тело
110,письмо
111,центр
112,утро
113,мать
114,комната
115,семья
116,сын
117,смерть
118,положение
119,интерес
120,федерация
121,век
122,идея
123,управление
124,автор
125,окно
126,ответ
127,совет
128,разговор
129,мужчина
130,ряд
131,счет
132,мнение
133,цена
134,точка
135,план
136,проект
137,глава
138,материал
139,основа
140,причина
141,движение
142,культура
143,сердце
144,рубль
145,наука
146,документ
147,неделя
148,вещь
149,чувство
150,правило
151,служба
152,газета
153,срок
154,институт
155,член
156,ход
157,стена
158,директор
159,плечо
160,опыт
161,встреча
162,принцип
163,событие
164,структура
165,количество
166,товарищ
167,создание
168,значение
169,объект
170,гражданин
171,очередь
172,период
173,образование
174,состав
175,пример
176,лес
177,исследование
178,девушка
179,данные
180,палец
181,судьба
182,тип
183,метод
184,политика
185,армия
186,брат
187,представитель
188,борьба
189,использование
190,шаг
191,игра
192,участие
193,территория
194,край
195,размер
196,номер
197,район
198,население
199,банк
200,начальник
201,класс
202,зал
203,изменение
204,большинство
205,характер
206,кровь
207,направление
208,позиция
209,герой
210,течение
211,девочка
212,искусство
213,гость
214,воздух
215,мальчик
216,фильм
217,договор
218,регион
219,выбор
220,свобода
221,врач
222,экономика
223,небо
224,факт
225,церковь
226,завод
227,фирма
228,бизнес
229,союз
230,деньги
231,специалист
232,род
233,команда
234,руководитель
235,спина
236,дух
237,музыка
238,способ
239,хозяин
240,поле
241,доллар
242,память
243,природа
244,дерево
245,оценка
246,объем
247,картина
248,процент
249,требование
250,писатель
251,сцена
252,анализ
253,основание
254,повод
255,вариант
256,берег
257,модель
258,степень
259,самолет
260,телефон
261,граница
262,песня
263,половина
264,министр
265,угол
266,зрение
267,предмет
268,литература
269,операция
270,двор
271,спектакль
272,руководство
273,солнце
274,автомобиль
275,родитель
276,участник
277,журнал
278,база
279,пространство
280,защита
281,название
282,стих
283,ум
284,море
285,удар
286,знание
287,солдат
288,миллион
289,строительство
290,технология
291,председатель
292,сон
293,сознание
294,бумага
295,реформа
296,оружие
297,линия
298,текст
299,выход
300,ребята
301,магазин
302,соответствие
303,участок
304,услуга
305,поэт
306,предложение
307,желание
308,пара
309,успех
310,среда
311,возраст
312,комплекс
313,бюджет
314,представление
315,площадь
316,генерал
317,господин
318,дочь
319,понятие
320,кабинет
321,безопасность
322,фонд
323,сфера
324,папа
325,сотрудник
326,продукция
327,будущее
328,продукт
329,содержание
330,художник
331,республика
332,сумма
333,контроль
334,парень
335,ветер
336,хозяйство
337,помочь
338,курс
339,губа
340,река
341,грудь
342,огонь
343,нос
344,волос
345,ухо
346,отсутствие
347,радость
348,сад
349,подготовка
350,необходимость
351,доктор
352,лето
353,камень
354,здание
355,капитан
356,собака
357,итог
358,рис
359,техника
360,элемент
361,источник
362,деревня
363,депутат
364,проведение
365,рот
366,масса
367,комиссия
368,цвет
369,рассказ
370,функция
371,определение
372,мужик
373,обеспечение
374,обстоятельство
375,работник
376,разработка
377,лист
378,звезда
379,гора
380,применение
381,победа
382,товар
383,воля
384,зона
385,предел
386,целое
387,личность
388,офицер
389,влияние
390,поддержка
391,ответственность
392,цветок
393,праздник
394,немец
395,бой
396,сестра
397,господь
398,учитель
399,многое
400,рамка
401,практика
402,показатель
403,метр
404,войско
405,частность
406,особенность
407,снег
408,комитет
409,налог
410,акт
411,отдел
412,карман
413,вывод
414,норма
415,читатель
416,этап
417,сравнение
418,прошлое
419,фамилия
420,кухня
421,заявление
422,доля
423,пункт
424,студент
425,учет
426,впечатление
427,доход
428,вирус
429,клетка
430,удовольствие
431,теория
432,враг
433,собрание
434,бутылка
435,расчет
436,го
437,режим
438,множество
439,клуб
440,попытка
441,зуб
442,сеть
443,семь
444,министерство
445,прием
446,боль
447,сожаление
448,кожа
449,субъект
450,знак
451,актер
452,ресурс
453,акция
454,газ
455,журналист
456,звук
457,передача
458,здоровье
459,администрация
460,болезнь
461,детство
462,мастер
463,выборы
464,зима
465,подход
466,поиск
467,механизм
468,выражение
469,скорость
470,ощущение
471,стоимость
472,коридор
473,ошибка
474,лидер
475,карта
476,заседание
477,глубина
478,хлеб
479,поверхность
480,энергия
481,нарушение
482,реализация
483,революция
484,поведение
485,профессор
486,исполнение
487,заместитель
488,суть
489,станция
490,реакция
491,десяток
492,столица
493,формирование
494,поколение
495,дума
496,существование
497,продажа
498,список
499,способность
500,противник
501,схема
502,долг
503,режиссер
504,отличие
505,колено
506,дед
507,свойство
508,этаж
509,секунда
510,фактор
511,житель
512,явление
513,высота
514,сосед
515,усилие
516,рождение
517,расход
518,остров
519,фигура
520,наличие
521,дядя
522,милиция
523,растение
524,существо
525,черт
526,бабушка
527,законодательство
528,собственность
529,отрасль
530,слеза
531,волна
532,стекло
533,традиция
534,январь
535,оборудование
536,зависимость
537,фраза
538,декабрь
539,сведение
540,трубка
541,сентябрь
542,университет
543,командир
544,храм
545,повышение
546,стиль
547,артист
548,больница
549,одежда
550,охрана
551,водка
552,кодекс
553,имущество
554,птица
555,переход
556,красота
557,клиент
558,толпа
559,адрес
560,отделение
561,октябрь
562,чудо
563,счастие
564,улыбка
565,ужас
566,аппарат
567,корабль
568,родина
569,животное
570,черта
571,известие
572,понимание
573,тень
574,апрель
575,коллега
576,преступление
577,рыба
578,кресло
579,запах
580,выставка
581,князь
582,фотография
583,весна
584,помещение
585,эпоха
586,занятие
587,произведение
588,концерт
589,ладонь
590,дама
591,сомнение
592,американец
593,середина
594,зарплата
595,тайна
596,запад
597,июнь
598,беседа
599,фронт
600,поезд
601,должность
602,баба
603,промышленность
604,музей
605,судья
606,получение
607,полковник
608,зритель
609,секретарь
610,установка
611,поток
612,ценность
613,образец
614,страница
615,перспектива
616,трава
617,чиновник
618,мозг
619,сотня
620,лагерь
621,выступление
622,оборона
623,постановление
624,честь
625,настроение
626,кровать
627,характеристика
628,обязанность
629,шея
630,крыша
631,появление
632,учреждение
633,признак
634,труба
635,жертва
636,беда
637,фон
638,организм
639,ученик
640,заключение
641,выполнение
642,канал
643,исключение
644,дача
645,соглашение
646,осень
647,польза
648,стул
649,июль
650,дождь
651,сутки
652,еврей
653,конкурс
654,открытие
655,телевизор
656,лошадь
657,температура
658,приказ
659,лестница
660,реклама
661,спор
662,подруга
663,угроза
664,конфликт
665,изучение
666,вино
667,концепция
668,достижение
669,сообщение
670,объединение
671,обстановка
672,костюм
673,ключ
674,ресторан
675,назначение
676,царь
677,воспоминание
678,увеличение
679,вкус
680,мероприятие
681,лоб
682,слой
683,восток
684,последствие
685,принятие
686,сотрудничество
687,нефть
688,слух
689,бок
690,переговоры
691,тюрьма
692,кандидат
693,просьба
694,реальность
695,подарок
696,категория
697,потребность
698,быль
699,редакция
700,очко
701,километр
702,губернатор
703,новость
704,инструмент
705,потеря
706,взаимодействие
707,звонок
708,кусок
709,капитал
710,грех
711,перевод
712,партнер
713,ноябрь
714,молодежь
715,тишина
716,творчество
717,книжка
718,мясо
719,масло
720,деталь
721,инженер
722,оплата
723,эксперт
724,кремль
725,февраль
726,следствие
727,пьеса
728,билет
729,урок
730,коллектив
731,устройство
732,палата
733,площадка
734,опасность
735,пропасть
736,воздействие
737,разница
738,родственник
739,сезон
740,издание
741,человечество
742,снижение
743,запас
744,крик
745,публика
746,вещество
747,экран
748,эффект
749,ящик
750,ракета
751,водитель
752,пакет
753,зеркало
754,вес
755,дно
756,вагон
757,убийство
758,тон
759,щека
760,дурак
761,длина
762,давление
763,двигатель
764,камера
765,обращение
766,формула
767,запись
768,крыло
769,поездка
770,гостиница
771,колесо
772,разрешение
773,торговля
774,академия
775,доклад
776,общение
777,присутствие
778,процедура
779,испытание
780,нож
781,проверка
782,коммунист
783,цифра
784,полет
785,стакан
786,эффективность
787,обучение
788,портрет
789,достоинство
790,рассмотрение
791,владелец
792,жилье
793,компьютер
794,корень
795,смена
796,доказательство
797,кадр
798,лейтенант
799,признание
800,темнота
801,пистолет
802,наблюдение
803,мост
804,ремонт
805,истина
806,вход
807,политик
808,живот
809,кредит
810,шум
811,обед
812,недостаток
813,памятник
814,вершина
815,серия
816,эксперимент
817,сущность
818,транспорт
819,инициатива
820,активность
821,конференция
822,кулак
823,доска
824,ожидание
825,платье
826,смех
827,отказ
828,сбор
829,пенсия
830,буква
831,порог
832,автобус
833,воспитание
834,производитель
835,полоса
836,риск
837,пиво
838,корпус
839,штаб
840,кольцо
841,постель
842,выпуск
843,дворец
844,брак
845,прокурор
846,печать
847,окончание
848,автомат
849,тенденция
850,следователь
851,штат
852,куст
853,старуха
854,описание
855,психология
856,шутка
857,съезд
858,ставка
859,забота
860,величина
861,версия
862,мешок
863,конструкция
864,контакт
865,шанс
866,лодка
867,редактор
868,заказ
869,кофе
870,рубеж
871,статус
872,спорт
873,покой
874,кризис
875,взрыв
876,профессия
877,дым
878,металл
879,сапог
880,диван
881,интернет
882,почва
883,лед
884,подразделение
885,минимум
886,конь
887,дружба
888,вина
889,замок
890,мечта
891,сигнал
892,талант
893,мгновение
894,столик
895,затрата
896,золото
897,миг
898,плата
899,подъезд
900,масштаб
901,обсуждение
902,сделка
903,обязательство
904,расстояние
905,отдых
906,телевидение
907,тетя
908,яблоко
909,свидетель
910,монастырь
911,чтение
912,параметр
913,кампания
914,помощник
915,полк
916,мощность
917,сюжет
918,потолок
919,регистрация
920,майор
921,эксплуатация
922,озеро
923,новое
924,атмосфера
925,премия
926,совесть
927,предприниматель
928,мальчишка
929,дочка
930,приятель
931,начальство
932,препарат
933,село
934,обработка
935,танк
936,милиционер
937,ручка
938,возвращение
939,прокуратура
940,ворота
941,молоко
942,еда
943,сказка
944,краска
945,хвост
946,сигарета
947,введение
948,покупатель
949,поворот
950,москвич
951,ограничение
952,инвестиция
953,нация
954,набор
955,поселок
956,дыхание
957,адвокат
958,сумка
959,пресса
960,корреспондент
961,песок
962,удивление
963,потребитель
964,указание
965,изображение
966,счастье
967,мэр
968,согласие
969,действительность
970,планета
971,агентство
972,танец
973,библиотека
974,финансирование
975,объяснение
976,распределение
977,конституция
978,таблица
979,поэзия
980,термин
981,прибыль
982,стандарт
983,восторг
984,гибель
985,изделие
986,темп
987,вооружение
988,осуществление
989,уход
990,чемпионат
991,молитва
992,контракт
993,философия
994,горло
995,оборот
996,кость
997,ведомство
998,преимущество
999,мина
1000,полномочие